{
  "image_index": 8,
  "directions": {
    "left": [
      -0.6563112735748291,
      -0.7544902563095093,
      0.0
    ],
    "right": [
      0.6563112735748291,
      0.7544902563095093,
      -0.0
    ],
    "above": [
      0.0,
      0.0,
      1.0
    ],
    "front": [
      0.754490315914154,
      -0.6563112735748291,
      -0.0
    ],
    "behind": [
      -0.754490315914154,
      0.6563112735748291,
      0.0
    ],
    "below": [
      -0.0,
      -0.0,
      -1.0
    ]
  },
  "split": "new",
  "relationships": {
    "front": [
      [
        1,
        2,
        6,
        7,
        8
      ],
      [],
      [
        1,
        7
      ],
      [
        0,
        1,
        2,
        4,
        5,
        6,
        7,
        8
      ],
      [
        0,
        1,
        2,
        5,
        6,
        7,
        8
      ],
      [
        0,
        1,
        2,
        6,
        7,
        8
      ],
      [
        1,
        2,
        7,
        8
      ],
      [
        1
      ],
      [
        1,
        2,
        7
      ],
      [
        0,
        1,
        2,
        3,
        4,
        5,
        6,
        7,
        8
      ]
    ],
    "left": [
      [],
      [
        0,
        3,
        7,
        8
      ],
      [
        0,
        1,
        3,
        4,
        5,
        7,
        8,
        9
      ],
      [
        0,
        7
      ],
      [
        0,
        1,
        3,
        5,
        7,
        8,
        9
      ],
      [
        0,
        1,
        3,
        7,
        8
      ],
      [
        0,
        1,
        2,
        3,
        4,
        5,
        7,
        8,
        9
      ],
      [
        0
      ],
      [
        0,
        3,
        7
      ],
      [
        0,
        1,
        3,
        5,
        7,
        8
      ]
    ],
    "right": [
      [
        1,
        2,
        3,
        4,
        5,
        6,
        7,
        8,
        9
      ],
      [
        2,
        4,
        5,
        6,
        9
      ],
      [
        6
      ],
      [
        1,
        2,
        4,
        5,
        6,
        8,
        9
      ],
      [
        2,
        6
      ],
      [
        2,
        4,
        6,
        9
      ],
      [],
      [
        1,
        2,
        3,
        4,
        5,
        6,
        8,
        9
      ],
      [
        1,
        2,
        4,
        5,
        6,
        9
      ],
      [
        2,
        4,
        6
      ]
    ],
    "behind": [
      [
        3,
        4,
        5,
        9
      ],
      [
        0,
        2,
        3,
        4,
        5,
        6,
        7,
        8,
        9
      ],
      [
        0,
        3,
        4,
        5,
        6,
        8,
        9
      ],
      [
        9
      ],
      [
        3,
        9
      ],
      [
        3,
        4,
        9
      ],
      [
        0,
        3,
        4,
        5,
        9
      ],
      [
        0,
        2,
        3,
        4,
        5,
        6,
        8,
        9
      ],
      [
        0,
        3,
        4,
        5,
        6,
        9
      ],
      []
    ]
  },
  "objects": [
    {
      "size": "small",
      "material": "rubber",
      "pixel_coords": [
        81,
        106,
        11.998926162719727
      ],
      "color": "purple",
      "3d_coords": [
        -2.033043146133423,
        -1.8002458810806274,
        0.3499999940395355
      ],
      "shape": "sphere",
      "rotation": 259.7171880913422
    },
    {
      "size": "large",
      "material": "metal",
      "pixel_coords": [
        153,
        144,
        9.244758605957031
      ],
      "color": "yellow",
      "3d_coords": [
        1.8402552604675293,
        -1.8551064729690552,
        0.699999988079071
      ],
      "shape": "cylinder",
      "rotation": 155.8706367013216
    },
    {
      "size": "large",
      "material": "metal",
      "pixel_coords": [
        226,
        122,
        10.284684181213379
      ],
      "color": "cyan",
      "3d_coords": [
        2.3354883193969727,
        0.5159614682197571,
        0.699999988079071
      ],
      "shape": "cube",
      "rotation": 53.371626524699
    },
    {
      "size": "small",
      "material": "rubber",
      "pixel_coords": [
        119,
        87,
        13.464578628540039
      ],
      "color": "green",
      "3d_coords": [
        -2.569161891937256,
        0.12971803545951843,
        0.3499999940395355
      ],
      "shape": "sphere",
      "rotation": 331.2037768215631
    },
    {
      "size": "small",
      "material": "rubber",
      "pixel_coords": [
        196,
        91,
        13.086894989013672
      ],
      "color": "green",
      "3d_coords": [
        -0.29771915078163147,
        2.0728278160095215,
        0.3499999940395355
      ],
      "shape": "sphere",
      "rotation": 129.83796282702733
    },
    {
      "size": "small",
      "material": "metal",
      "pixel_coords": [
        169,
        98,
        12.57335090637207
      ],
      "color": "purple",
      "3d_coords": [
        -0.5308570861816406,
        0.9149959087371826,
        0.3499999940395355
      ],
      "shape": "cube",
      "rotation": 232.8297378356974
    },
    {
      "size": "large",
      "material": "rubber",
      "pixel_coords": [
        270,
        105,
        11.2960844039917
      ],
      "color": "red",
      "3d_coords": [
        2.5280869007110596,
        2.4913227558135986,
        0.699999988079071
      ],
      "shape": "sphere",
      "rotation": 310.5163165528564
    },
    {
      "size": "small",
      "material": "metal",
      "pixel_coords": [
        82,
        140,
        10.073566436767578
      ],
      "color": "blue",
      "3d_coords": [
        -0.07878467440605164,
        -2.9055936336517334,
        0.3499999940395355
      ],
      "shape": "cube",
      "rotation": 62.38341718623049
    },
    {
      "size": "small",
      "material": "metal",
      "pixel_coords": [
        127,
        123,
        10.991281509399414
      ],
      "color": "red",
      "3d_coords": [
        -0.08563350141048431,
        -1.3209624290466309,
        0.3499999940395355
      ],
      "shape": "cube",
      "rotation": 187.37326823744814
    },
    {
      "size": "large",
      "material": "rubber",
      "pixel_coords": [
        180,
        71,
        13.95062255859375
      ],
      "color": "purple",
      "3d_coords": [
        -1.5701617002487183,
        2.4092953205108643,
        0.699999988079071
      ],
      "shape": "cylinder",
      "rotation": 170.53399917938708
    }
  ],
  "image_filename": "CLEVR_new_000008.png"
}